pmid,title,abstract,publication_date,publication_year,journal,volume,issue,pages,language,relevant,dois,publication_types,mesh_terms,keywords,prediction,probability,correct
28419337,Targeted Embolization of Aneurysms Associated With Brain Arteriovenous Malformations at High Risk for Surgical Resection: A Case-Control Study.,"BACKGROUND: High-risk components of brain arteriovenous malformations (BAVMs) can be targeted to reduce the risk of lesion rupture. OBJECTIVE: To evaluate targeted embolization of aneurysms against other means of treatment with a case-control analysis; we previously investigated this approach associated with BAVMs. METHODS: Retrospective analysis of patients with BAVMs was performed, identifying patients treated with intention to occlude only an aneurysm associated with a BAVM. For each targeted aneurysm embolization (TAE) patient identified, 4 control patients were randomly selected, controlling for rupture status, age, and Spetzler-Martin plus Lawton-Young supplemental score. Analysis was performed to compare rates of adverse events (hemorrhage, new seizure, and death) between the 2 groups. RESULTS: Thirty-two patients met inclusion criteria, and 128 control patients were identified, out of 1103 patients treated during the study period. Thirty-four adverse events occurred (15 ruptures, 15 new seizures, and 11 deaths) during the follow-up period (mean 1157 d for the TAE cohort and 1036 d for the non-TAE cohort). Statistically lower associations were noted for the TAE group for any adverse event (hazard ratio 0.28, P = .037) and the composite outcome of hemorrhage or new seizure (hazard ratio 0.20, P = .029). CONCLUSION: For BAVMs at high risk for surgical resection, TAE can be performed safely and effectively. Patients treated with TAE had better outcomes than matched patients undergoing other combinations of treatment. TAE can be considered for BAVMs with high operative risk prior to radiosurgery or when no other treatment options are available.",2018 Mar 1,2018,Neurosurgery,82,3,343-349,eng,False,10.1093/neuros/nyx167;3610993;nyx167;10.1093/neuros/nyx167,Journal Article;Multicenter Study,"Adult;Aged;Case-Control Studies;Cohort Studies;Embolization, Therapeutic/*methods;Female;Follow-Up Studies;Humans;Intracranial Aneurysm/diagnosis/epidemiology/*therapy;Intracranial Arteriovenous Malformations/diagnosis/epidemiology/*therapy;Male;Middle Aged;Postoperative Complications/epidemiology/prevention & control;Radiosurgery/*methods;Random Allocation;Retrospective Studies;Risk Factors",,True,0.5030003633085248,False
28495425,Volume-staged stereotactic radiosurgery for large intracranial arteriovenous malformations.,"Stereotactic radiosurgery (SRS) is an effective treatment option for intracranial arteriovenous malformations (AVM). However, the treatment of large AVMs (nidus volume ≥12cm(3)) with single-session SRS alone yields generally poor outcomes. Volume-staged SRS (VS-SRS) is a therapeutic strategy for large AVMs which seeks to avoid the disadvantages of single-session SRS, but reports regarding its efficacy remain limited. The aim of this retrospective cohort study is to assess the outcomes of VS-SRS for large AVMs. We identified all AVM patients who underwent VS-SRS at our institution from 2000 to 2015 with ≥12months follow-up. Baseline and outcomes data were analyzed. A total of 12 patients were selected for the study cohort, with a median age of 30years. The median maximum AVM diameter and nidus volume were 4.3cm and 13.6cm(3), respectively. The Spetzler-Martin grade was III and IV each in six AVMs (50%). All patients underwent VS-SRS in two stages, and the median margin dose was 17Gy for both VS-SRS procedures. The median time interval between the two procedures was three months. After a median radiologic follow-up duration of 39months, the median degree of AVM volume reduction (evaluable in nine patients) was 87% (range 12-99%). The rates of radiologically evident, symptomatic, and permanent radiation-induced changes were 58%, 25%, and 8%, respectively. There were no cases of post-SRS hemorrhage. VS-SRS substantially reduces the size of large AVMs. A potential role for VS-SRS may be to facilitate subsequent definitive intervention to obliterate a shrunken, residual nidus.",2017 Sep,2017,Journal of clinical neuroscience : official journal of the Neurosurgical Society,43,,202-207,eng,False,S0967-5868(16)30318-6;10.1016/j.jocn.2017.04.020;S0967-5868(16)30318-6;10.1016/j.jocn.2017.04.020,Journal Article,"Adolescent;Adult;Arteriovenous Fistula/diagnostic imaging/*surgery;Child;Female;Follow-Up Studies;Humans;Intracranial Arteriovenous Malformations/diagnostic imaging/*surgery;Male;Middle Aged;*Outcome Assessment, Health Care;Radiosurgery/*methods;Retrospective Studies;Young Adult",Gamma Knife;Intracranial arteriovenous malformations;Intracranial hemorrhages;Radiosurgery;Stroke;Vascular malformations,True,0.7313346944798468,False
16682140,Pediatric cerebral arteriovenous malformations: the role of stereotactic linac-based radiosurgery.,"PURPOSE: To evaluate retrospectively clinical outcome and obliteration rates after linac-based radiosurgery (RS) in children with cerebral arteriovenous malformations (AVM). METHODS AND MATERIALS: Between 1996 and 2002, 22 children with cerebral AVM were treated at our institution. Mean age at treatment was 11.8 years (range, 4.4-16.4 years). Classification according to Spetzler-Martin was 1 child grade I (4%), 7 grade II (32%), 12 grade III (56%), 1 grade IV (4%), and 1 grade V (4%). Median single dose was 18 Gy/80%-isodose. Median AVM volume was 4.2 mL (range, 0.4-26.5 mL). Median RS-based AVM-score was 1.07 (range, 0.61-3.55). Fifty-nine percent of children experienced intracranial hemorrhage before RS. Median follow-up was 3.1 years (range, 1.7-7.3 years). RESULTS: Actuarial complete obliteration rate (CO) was 54% after 3 years and 65% after 4 years, respectively. Median time interval to CO was 27.1 months. Intracranial hemorrhage after RS was seen in five children after median 13.9 months. Annual bleeding risk was 9.1% after 1 year and 13.6% after 2 years. Maximum diameter>or=3 cm and AVM-volume>or=6 mL were significant predictors for intracranial hemorrhage. Neurologic deficits were improved/completely dissolved in 58% of children and remained stable in 42%. No new onset of neurologic dysfunction was seen after RS. CONCLUSIONS: RS is safe and effective in pediatric cerebral AVM with high obliteration rates. Size and volume of AVM are significant predictors for intracranial bleeding. The same treatment guidelines as in adults should be applied. Careful long-term follow-up observation is required after RS from long life expectation.",2006 Jul 15,2006,"International journal of radiation oncology, biology, physics",65,4,1206-11,eng,False,S0360-3016(06)00242-2;10.1016/j.ijrobp.2006.01.041,Evaluation Study;Journal Article,"Adolescent;Child;Child, Preschool;Female;Humans;Intracranial Arteriovenous Malformations/*surgery;Intracranial Hemorrhages/etiology;Male;Radiosurgery/adverse effects/*methods;Retrospective Studies;Treatment Outcome",,True,0.7006838710359173,False
38277659,Repeat stereotactic radiosurgery for persistent cerebral arteriovenous malformations in pediatric patients.,"OBJECTIVE: The purpose of this study was to describe the long-term outcomes and associated risks related to repeat stereotactic radiosurgery (SRS) for persistent arteriovenous malformations (AVMs) in pediatric patients. METHODS: Under the auspices of the International Radiosurgery Research Foundation, this retrospective multicenter study analyzed pediatric patients who underwent repeat, single-session SRS between 1987 and 2022. The primary outcome variable was a favorable outcome, defined as nidus obliteration without hemorrhage or neurological deterioration. Secondary outcomes included rates and probabilities of hemorrhage, radiation-induced changes (RICs), and cyst or tumor formation. RESULTS: The cohort included 83 pediatric patients. The median patient age was 11 years at initial SRS and 15 years at repeat SRS. Fifty-seven children (68.7%) were managed exclusively using SRS, and 42 (50.6%) experienced hemorrhage prior to SRS. Median AVM diameter and volume were substantially different between the first (25 mm and 4.5 cm3, respectively) and second (16.5 mm and 1.6 cm3, respectively) SRS, while prescription dose and isodose line remained similar. At the 5-year follow-up evaluation from the second SRS, nidus obliteration was achieved in 42 patients (50.6%), with favorable outcome in 37 (44.6%). The median time to nidus obliteration and hemorrhage was 35.5 and 38.5 months, respectively. The yearly cumulative probability of favorable outcome increased from 2.5% (95% CI 0.5%-7.8%) at 1 year to 44% (95% CI 32%-55%) at 5 years. The probability of achieving obliteration followed a similar pattern and reached 51% (95% CI 38%-62%) at 5 years. The 5-year risk of hemorrhage during the latency period after the second SRS reached 8% (95% CI 3.2%-16%). Radiographically, 25 children (30.1%) had RICs, but only 5 (6%) were symptomatic. Delayed cyst formation occurred in 7.2% of patients, with a median onset of 47 months. No radiation-induced neoplasia was observed. CONCLUSIONS: The study results showed nidus obliteration in most pediatric patients who underwent repeat SRS for persistent AVMs. The risks of symptomatic RICs and latency period hemorrhage were quite low. These findings suggest that repeat radiosurgery should be considered when treating pediatric patients with residual AVM after prior SRS. Further study is needed to define the role of repeat SRS more fully in this population.",2024 Apr 1,2024,Journal of neurosurgery. Pediatrics,33,4,307-314,eng,False,10.3171/2023.12.PEDS23465;10.3171/2023.12.PEDS23465,Journal Article;Multicenter Study,Humans;Child;*Radiosurgery/adverse effects/methods;Treatment Outcome;Retrospective Studies;*Intracranial Arteriovenous Malformations/diagnostic;Hemorrhage/complications/surgery;*Cysts;Follow-Up Studies,arteriovenous malformation;stereotactic radiosurgery;vascular disorders,True,0.7700901916067695,False
23205800,Long-term follow-up results of intentional 2-stage Gamma Knife surgery with an interval of at least 3 years for arteriovenous malformations larger than 10 cm³.,"OBJECT: Little information is available on staged Gamma Knife surgery (GKS) with an interval of 3 years or more when used to treat arteriovenous malformations (AVMs) with volumes larger than 10 cm(3). The goal of this study was to increase knowledge in this area by reporting the authors' experience. METHODS: The authors describe an institutional review board-approved retrospective study in which they examined databases including information on 250 patients who consecutively underwent GKS for cerebral AVMs during a 16-year period (1988-2004). Among the 250 patients the authors identified 31 patients (12.4%, 15 female and 16 male patients with a mean age of 29 years [range 10-63 years]) in whom 2-stage GKS was intentionally planned at the time of initial treatment because the volume of the AVM nidus was larger than 10 cm(3). The most common presentation was bleeding (14 patients), followed by seizures (9 patients), incidental findings (7 patients), and headache with scintillation (1 patient). One patient underwent GKS for the treatment of 2 AVMs simultaneously, and thus 32 AVMs are included in this study. The mean nidus volume was 16.2 cm(3) (maximum 55.8 cm(3)). In all 31 patients, relatively low radiation doses (12-16 Gy directed at the periphery of the lesion) were intentionally used for the first GKS. The second GKS was scheduled for at least 36 months after the first. RESULTS: Complete nidus obliteration was obtained after the first GKS in 1 patient. To date, 26 patients have undergone a second procedure with a post-GKS mean interval of 41 months (range 24-83 months); 2 other patients refused to undergo the second GKS, and no further treatment was given because of severe morbidity in 1 case and death due to bleeding in the other case. Among the 26 patients who did undergo a second procedure, 3 patients refused follow-up digital subtraction (DS) angiography, another is scheduled for follow-up DS angiography, and 2 patients died, one of bleeding and the other of an unknown cause. The remaining 20 patients underwent follow-up DS angiography. Complete nidus obliteration was confirmed in 13 patients (65.0%) and remarkable nidus shrinkage in the other 7 patients (35.0%). In 2 of these 7 patients, a third GKS achieved complete nidus obliteration. Therefore, the cumulative complete obliteration rate in this series was 76.2% (16 of 21 eligible patients). Seven patients (22.6%) experienced bleeding. The bleeding rates were 9.7%, 16.1%, 16.1%, and 26.1%, respectively, at 1, 2, 5, and 10 years post-GKS. There were 2 deaths and 3 cases of morbidity (persistent coma, mild hemimotor weakness, and hemianopsia in 1 patient each). Hemorrhage did not produce neurological deficits in the other 2 patients. During the mean post-GKS follow-up period of 105 months (range 42-229 months) to date, mild symptomatic GKS-related complications occurred in 2 patients (6.5%); these were classified as Radiation Oncology Group Neurotoxicity Grade 1 in 1 patient and Grade 2 in the other. Among various pre-GKS clinical factors, univariate analysis showed only patient age to impact complications (hazard ratio 0.675, 95% CI 0.306-0.942, p = 0.0085). The rate of complications in the pediatric cases was 33.3%, whereas that in the adolescent and adult cases was 0% (p = 0.0323). CONCLUSIONS: Although a final conclusion awaits further studies and patient follow-up, these results suggest 2-stage GKS to be beneficial even for relatively large AVMs.",2012 Dec,2012,Journal of neurosurgery,117 Suppl,,126-34,eng,False,10.3171/2012.6.GKS12757;10.3171/2012.6.GKS12757,Journal Article,Adolescent;Adult;Cerebral Angiography;Child;Female;Follow-Up Studies;Humans;Intracranial Arteriovenous Malformations/diagnostic imaging/*surgery;Male;Middle Aged;Radiosurgery/*instrumentation;Retrospective Studies;Treatment Outcome,,True,0.6557008597683396,False
32822953,Clinico-Radiologic Outcomes After Stereotactic Radiosurgery for Patients with Complex High-Risk Multiple Arteriovenous Malformations.,"OBJECTIVE: The present study aims to define the outcome and risks of patients with multiple arteriovenous malformations (AVMs) treated by stereotactic radiosurgery (SRS). METHODS: We retrospectively analyzed the records of 1232 patients with AVMs who underwent SRS at our center between 1987 and 2017. We identified 10 patients who had SRS for multiple AVMs (total of 25). Eight patients presented with intracranial hemorrhage before SRS. Four patients had hereditary hemorrhagic telangiectasia. A Spetzler-Martin grade I AVM was diagnosed in 11 AVMs, grade II in 7, grade III in 6, and grade IV in 1 AVM. The median maximum diameter was 12 mm, the median target volume was 1.1 cm(3), and the median margin dose was 20 Gy. Twenty-four AVMs were treated with single-session SRS, and 1 AVM was treated with volume-staged SRS. RESULTS: The angiographic complete obliteration rate of each AVM was 18.2%, 58.0%, and 66.4% at 3, 5, and 7 years, respectively. The angiographic complete obliteration rate of all treated AVMs in each patient was 11.1%, 51.4%, and 51.4% at 3, 5, and 7 years, respectively. In multivariate analysis, higher marginal dose (≥18 Gy, P = 0.031) was significantly associated with complete obliteration of AVMs. After obliteration of all their AVMs was confirmed no patient bled. CONCLUSIONS: Patients with complex multiple AVMs often presented with a brain hemorrhage. Reduction in bleeding risk after SRS requires complete obliteration that is more likely if the initial AVM margin dose is ≥18 Gy for each AVM.",2020 Dec,2020,World neurosurgery,144,,e244-e252,eng,False,S1878-8750(20)31866-0;10.1016/j.wneu.2020.08.099;S1878-8750(20)31866-0;10.1016/j.wneu.2020.08.099,Journal Article,Adult;Aged;Arteriovenous Fistula/*surgery;Child;Female;Humans;Intracranial Arteriovenous Malformations/*surgery;Male;Middle Aged;Radiosurgery/*methods;Retrospective Studies;Treatment Outcome;Young Adult,AVM;Arteriovenous malformations;Gamma knife;Hereditary hemorrhagic telangiectasia;Intracerebral hemorrhage;Multiple;Stereotactic radiosurgery,True,0.8996805048923799,False
19123888,Treatment of arteriovenous malformations using Gamma Knife surgery: the experience at the University of Washington from 2000 to 2005.,"OBJECT: The purpose of this study was to examine the efficacy and toxicity of treating arteriovenous malformations (AVMs) with the model 3C Gamma Knife at the University of Washington Medical Center. METHODS: Ninety-five evaluable patients with 99 treatable AVMs were treated at the University of Washington Medical Center from April 2000 through June 2005. The median patient age at the time of treatment was 40 years (range 6-68 years). The male to female patient ratio was 0.98:1. The median AVM volume treated was 3.8 cm(3) (range 0.12-32 cm(3)). Forty-four percent of the patients had hemorrhaged prior to treatment. The median peripheral Gamma Knife surgery dose was 20 Gy with a median of 12 isocenters treated. The median follow-up duration was 38 months (range 3-91 months). Eighty-one percent of the patients had no previous stereotactic radiosurgery (SRS), whereas the remaining 19% had previously been treated with linear accelerator-based SRS. RESULTS: The Kaplan-Meier estimated 6-year AVM obliteration rate for the entire cohort was 71.4%. The Kaplan-Meier estimated 6-year obliteration rate was 72% for patients having no prior SRS and 54.5% for those undergoing repeat SRS. The median time to AVM obliteration was 47 months, with 90% of the obliterations occurring between 24 and 58 months. Eight patients (7.4%) experienced late toxicities. There were 2 fatal bleeds and 13 (13.8%) nonfatal bleeds after Gamma Knife surgery. CONCLUSIONS: Gamma Knife surgery is an effective treatment for AVMs, resulting in an excellent obliteration rate with acceptable toxicity.",2008 Dec,2008,Journal of neurosurgery,109 Suppl,,51-6,eng,False,10.3171/JNS/2008/109/12/S9;10.3171/JNS/2008/109/12/S9,Journal Article,"Adolescent;Adult;Aged;Child;Cohort Studies;Embolization, Therapeutic;Female;Humans;Intracranial Arteriovenous Malformations/complications/diagnosis/*surgery;Kaplan-Meier Estimate;Male;Middle Aged;*Radiosurgery/instrumentation;Radiotherapy Dosage;Recurrence;Retreatment;Retrospective Studies;Treatment Outcome;Young Adult",,True,0.7953479263405672,False
15662777,Long-term complications after gamma knife surgery for arteriovenous malformations.,"OBJECT: The authors analyzed of the long-term complications that occur 2 or more years after gamma knife surgery (GKS) for intracranial arteriovenous malformations (AVMs). METHODS: Patients with previously untreated intracranial AVMs that were managed by GKS and followed for at least 2 years after treatment were selected for analysis (237 cases). Complete AVM obliteration was attained in 130 cases (54.9%), and incomplete obliteration in 107 cases (45.1%). Long-term complications were observed in 22 patients (9.3%). These complications included hemorrhage (eight cases), delayed cyst formation (eight cases), increase of seizure frequency (four cases), and middle cerebral artery stenosis and increased white matter signal intensity on T2-weighted magnetic resonance imaging (one case of each). The long-term complications were associated with larger nidus volume (p < 0.001) and a lobar location of the AVM (p < 0.01). Delayed hemorrhage was associated only with incomplete obliteration of the nidus (p < 0.05). Partial obliteration conveyed no benefit. Delayed cyst formation was associated with a higher maximal GKS dose (p < 0.001), larger nidus volume (p < 0.001), complete nidus obliteration (p < 0.01), and a lobar location of the AVM (p < 0.05). CONCLUSIONS: Incomplete obliteration of the nidus is the most important factor associated with delayed hemorrhagic complications. Partial obliteration does not seem to reduce the risk of hemorrhage. Complete obliteration can be complicated by delayed cyst formation, especially if high maximal treatment doses have been administered.",2005 Jan,2005,Journal of neurosurgery,102 Suppl,,34-7,eng,True,10.3171/jns.2005.102.s_supplement.0034,Journal Article,"Adolescent;Adult;Aged;Brain/blood supply/diagnostic imaging/pathology/surgery;Cerebral Angiography;Cerebral Hemorrhage/*etiology;Child;Female;Follow-Up Studies;Humans;Intracranial Arteriovenous Malformations/diagnostic imaging/pathology/*surgery;Magnetic Resonance Imaging;Male;Middle Aged;*Postoperative Complications;Radiation Dosage;Radiosurgery/*instrumentation;Time;Tomography, X-Ray Computed",,False,0.37615220055924165,False
32032957,Stereotactic radiosurgery for pediatric brain arteriovenous malformations: long-term outcomes.,"OBJECTIVE: Contrary to the better described obliteration- and hemorrhage-related data after stereotactic radiosurgery (SRS) of brain arteriovenous malformations (AVMs) in pediatric patients, estimates of the rarer complications, including cyst and tumor formation, are limited in the literature. The aim of the present study was to assess the long-term outcomes and risks of SRS for AVMs in pediatric patients (age < 18 years). METHODS: The authors retrospectively analyzed the International Radiosurgery Research Foundation pediatric AVM database for the years 1987 to 2018. AVM obliteration, post-SRS hemorrhage, cyst formation, and tumor formation were assessed. Cumulative probabilities, adjusted for the competing risk of death, were calculated. RESULTS: The study cohort comprised 539 pediatric AVM patients (mean follow-up 85.8 months). AVM obliteration was observed in 64.3% of patients, with cumulative probabilities of 63.6% (95% CI 58.8%-68.0%), 77.1% (95% CI 72.1%-81.3%), and 88.1% (95% CI 82.5%-92.0%) over 5, 10, and 15 years, respectively. Post-SRS hemorrhage was observed in 8.4% of patients, with cumulative probabilities of 4.9% (95% CI 3.1%-7.2%), 9.7% (95% CI 6.4%-13.7%), and 14.5% (95% CI 9.5%-20.5%) over 5, 10, and 15 years, respectively. Cyst formation was observed in 2.1% of patients, with cumulative probabilities of 5.5% (95% CI 2.3%-10.7%) and 6.9% (95% CI 3.1%-12.9%) over 10 and 15 years, respectively. Meningiomas were observed in 2 patients (0.4%) at 10 and 12 years after SRS, with a cumulative probability of 3.1% (95% CI 0.6%-9.7%) over 15 years. CONCLUSIONS: AVM obliteration can be expected after SRS in the majority of the pediatric population, with a relatively low risk of hemorrhage during the latency period. Cyst and benign tumor formation after SRS can be observed in 7% and 3% of patients over 15 years, respectively. Longitudinal surveillance for delayed neoplasia is prudent despite its low incidence.",2020 May 1,2020,Journal of neurosurgery. Pediatrics,25,5,497-505,eng,False,10.3171/2019.12.PEDS19595;2019.12.PEDS19595;10.3171/2019.12.PEDS19595,Journal Article,,arteriovenous malformation;complication;cyst;neoplasm;pediatric;radiation;radiosurgery;stroke;vascular disorders,True,0.5092770227206873,False
16338096,"Gamma Knife radiosurgery for cerebral arteriovenous malformations in children/adolescents and adults. Part II: Differences in obliteration rates, treatment-obliteration intervals, and prognostic factors.","PURPOSE: To evaluate and compare obliteration rates (OBRs) and treatment-obliteration intervals (TOIs) for cerebral arteriovenous malformations (cAVMs) treated with Gamma Knife radiosurgery in children/adolescents and adults; and to determine factors predicting the OBR and TOI in these two populations. METHODS AND MATERIALS: This study concerned 62 children/adolescents and 193 adults observed for > or = 3 years. Fisher exact two-tailed and Wilcoxon rank-sum tests, multiple logistics, and Cox proportional hazard models were used for statistical analysis. RESULTS: The overall OBR was 85.5% in children/adolescents and 87.6% in adults (p = 0.671), but children/adolescents showed higher 36-month actuarial OBRs (69.35%) and shorter median TOIs (25.7 months) than adults (66.84% and 28.2 months; p = 0.006 and p = 0.017, respectively). In children/adolescents, lower Spetzler-Martin grades (p = 0.043) and younger age (p = 0.019) correlated significantly with OBRs, and lower Spetzler-Martin grades (p = 0.024) and noneloquent cAVM locations (p = 0.046) with TOIs. In adults, low flow through the cAVM and < 6.2-cm3 volume were associated with both OBR and TOI (p = 0.012 and p = 0.002, respectively). CONCLUSIONS: The differences in OBRs within 3 years and TOIs, although slight, seem to show that pediatric cAVMs behave differently from those in adults after Gamma Knife radiosurgery.",2006 Mar 1,2006,"International journal of radiation oncology, biology, physics",64,3,914-21,eng,True,S0360-3016(05)02604-0;10.1016/j.ijrobp.2005.09.013,Journal Article,"Adolescent;Adult;Age Factors;Aged;Analysis of Variance;Child;Child, Preschool;Female;Humans;Intracranial Arteriovenous Malformations/*surgery;Male;Middle Aged;Prognosis;Proportional Hazards Models;*Radiosurgery;Radiotherapy Dosage;Retreatment;Retrospective Studies;Time Factors",,False,0.4726470785694737,False
19834376,The protective status of subtotal obliteration of arteriovenous malformations after radiosurgery: significance and risk of hemorrhage.,"OBJECTIVE: Arteriovenous malformations (AVMs) treated by radiosurgery with complete obliteration of the nidus but a persisting early draining vein on follow-up angiography can be termed subtotally obliterated. However, these are persistent circulating AVMs. The significance of these lesions, their hemorrhage rate, and their management are analyzed. METHODS: In a series of 862 consecutive patients with AVMs treated by radiosurgery, 121 patients (14%) achieved subtotal obliteration (STO). The angiographic evolution and rate of obliteration were studied. The pretreatment angiographic features, dosimetric parameters, and postradiosurgery hemorrhage rate were compared with those in the rest of the treated population. Finally, the options for follow-up and treatment were analyzed. RESULTS: Of 121 subtotally obliterated AVMs, the bleeding rate was 0%; 53% of patients achieved complete obliteration. This occurred in 71% of those who had STO at 1 year. In the cases in which STO was detected at 2, 3, and 4 years, total obliteration eventually occurred in 43%, 28.5%, and 0%, respectively. Comparative analysis with AVMs in which a part of the nidus persisted showed a significant difference in the bleeding rate. Except for volume, no significant statistical difference in angiographic and dosimetric parameters was found between the STO group and the rest of the studied population with residual nidus. Six cases received further treatment, resulting in 2 cures and 2 treatment-related complications. CONCLUSION: Subtotally obliterated AVMs are different from other partially obliterated AVMs, with a 0% bleeding rate. Their complete obliteration is a function of delay of appearance on follow-up angiography. Invasive follow-up and further treatment of these AVMs do not seem warranted.",2009 Oct,2009,Neurosurgery,65,4,709-17; discussion 717-8,eng,False,10.1227/01.NEU.0000348546.47242.5D;00006123-200910000-00009;10.1227/01.NEU.0000348546.47242.5D,Journal Article,"Adolescent;Adult;Aged;Cerebral Angiography/standards;Cerebral Arteries/abnormalities/physiopathology/surgery;Cerebral Hemorrhage/*epidemiology/physiopathology/prevention & control;Cerebral Veins/abnormalities/physiopathology/surgery;Child;Comorbidity;Female;Humans;Intracranial Arteriovenous Malformations/*epidemiology/physiopathology/*surgery;Male;Middle Aged;Postoperative Hemorrhage/*epidemiology/physiopathology/prevention & control;Radiation Dosage;Radiosurgery/*statistics & numerical data;Radiotherapy Planning, Computer-Assisted;Risk Assessment;Risk Factors;Time Factors;Treatment Outcome;Young Adult",,True,0.5742920708388419,False
28323878,Microsurgery for intracranial arteriovenous malformation: Long-term outcomes in 445 patients.,"BACKGROUND: The management of intracranial arteriovenous malformations(AVMs) poses challenges to the cerebrovascular specialists. OBJECTIVE: To review the long-term outcomes of intracranial AVMs treated with microsurgical resections. METHODS: We performed a retrospective review of 445 patients with intracranial AVMs treated in our hospital from January 1st, 2008 to December 31st, 2014. The extracted data included demographic characteristics, clinical presentations, Spetzler-Martin (SM) grades, Supplemented Spetzler-Martin (SM-Supp) Grades, treatment modalities, long-term outcomes, and obliteration rates. Outcome was assessed with a post-operative modified Rankin Scale (mRS) score at the last follow-up visit. RESULTS: Of the 445 patients treated with microsurgery, 298 (67.0%) patients initially presented with hemorrhage. Based on the SM grading system, the patients were graded as follows: 83(18.6%) Grade I, 156(35.1%) Grade II, 132(29.7%) Grade III, 61(13.7%) Grade IV and 13(2.9%) Grade V. Overall, 344(77.3%) patients had a favorable outcome (mRS score of 0-2). The favorable outcome for Grade I and II were 92.8% and 85.9%, respectively, sharply reducing to 52.5% in patients with Grade IV and 15.4% in patients with Grade V AVMs. 388(87.2%) patients achieved complete obliteration of the AVMs. 63(14.2%) patients experienced recurrent hemorrhage, and the frequency of rehemorrhage was highest in Grade V patients (77.0%), dropping to 3.6% and 3.8% in patients with Grade I and II lesions, respectively. Permanent neurological deficits occurred in 66(14.8%) patients and death in 35(7.9%) patients. There was no difference of AUROC values between SM grading system and SM-supp grading system (0.726 and 0.734, respectively, p = .715). CONCLUSION: The Spetzler-Martin grading system is a simple and effective method to estimate the risk of surgery and to evaluate the prognosis. Microsurgical resection for AVMs depends on the SM grades, and the morbidity-mortality rate increases with an increasing SM grade.",2017,2017,PloS one,12,3,e0174325,eng,False,10.1371/journal.pone.0174325;e0174325;PONE-D-16-36302;10.1371/journal.pone.0174325,Journal Article,"Adolescent;Adult;Aged;Child;Child, Preschool;Combined Modality Therapy/*methods;Embolization, Therapeutic/methods;Female;Follow-Up Studies;Hemorrhage/physiopathology/surgery;Humans;Infant;Intracranial Arteriovenous Malformations/*mortality/*surgery;Male;Microsurgery/*methods;Middle Aged;Neurosurgical Procedures/*methods;Radiosurgery/methods;Retrospective Studies;Treatment Outcome;Young Adult",,True,0.5637709398170877,False
25955806,The long-term outcomes of radiosurgery for arteriovenous malformations in pediatric and adolescent populations.,"OBJECT Although stereotactic radiosurgery (SRS) has been accepted as a therapeutic option for arteriovenous malformations (AVMs) in children and adolescents, substantial data are still lacking regarding the outcomes of SRS for AVMs in this age group, especially long-term complications. This study aimed to clarify the long-term outcomes of SRS for the treatment of AVM in pediatric patients aged ≤ 18 years. METHODS Outcomes of 116 patients who were aged 4-18 years when they underwent SRS between 1990 and 2009 at the study institute were analyzed retrospectively. RESULTS The median follow-up period after SRS was 100 months, with 6 patients followed up for more than 20 years. Actuarial obliteration rates at 3 and 5 years after SRS were 68% and 88%, respectively. Five hemorrhages occurred in 851 patient-years of follow-up. The annual bleeding rate after SRS before obliteration was calculated as 1.3%, which decreased to 0.2% after obliteration. Shorter maximum nidus diameter (p = 0.02) and higher margin dose (p = 0.03) were associated with a higher obliteration rate. Ten patients experienced adverse events after SRS. Of them, 4 patients presented with delayed complications years after SRS (range 9-20 years after SRS). CONCLUSIONS SRS can reduce the risk of hemorrhage in pediatric and adolescent AVMs, with an acceptable risk of complications in the long term. However, adverse events such as expanding hematoma and radiation necrosis that can occur after substantial follow-up should be taken into account at the time that treatment decisions are made and informed consent is obtained.",2015 Aug,2015,Journal of neurosurgery. Pediatrics,16,2,222-31,eng,False,10.3171/2015.1.PEDS14407;10.3171/2015.1.PEDS14407,Journal Article,"Adolescent;Child;Child, Preschool;Female;Follow-Up Studies;Humans;Intracranial Arteriovenous Malformations/*surgery;Male;*Radiosurgery;Retrospective Studies;Time Factors;Treatment Outcome",AVM = arteriovenous malformation;DTT = diffusion tensor tractography;Gamma Knife surgery;SRS = stereotactic radiosurgery;arteriovenous malformation;children;stereotactic radiosurgery,True,0.7440479417449114,False
7815144,Linear accelerator radiosurgery for arteriovenous malformations: the relationship of size to outcome.,"Between May, 1988 and August, 1993, 158 patients with arteriovenous malformations (AVMs) were treated radiosurgically at the University of Florida. A mean dose of 1560 cGy was directed to the periphery of the lesions, which had a mean volume of 9 cc (0.5 to 45.3 cc). One hundred thirty-nine of these individuals were treated with one isocenter. The mean follow-up interval was 33 months with clinical information available on 153 of these patients. Patients were followed until magnetic resonance (MR) studies suggested complete AVM thrombosis. An arteriogram was then performed, if possible, to verify occlusion status. If arteriography revealed any persistent nidus at 36 months posttreatment, the residual nidus was re-treated. Outcome categories of AVMs analyzed included the following possibilities: 1) angiographic cure; 2) angiographic failure; 3) re-treatment; 4) MR image suggested cure; 5) MR image suggested failure; 6) patient refused follow-up evaluation; 7) patient lost to follow-up study; or 8) patient deceased. The endpoints for success or failure of radiosurgery were as follows: angiographic occlusion (success), re-treatment (failure), and death due to AVM hemorrhage (failure). Fifty-six patients in this series reached one of the endpoints. Successful endpoints were seen in 91% of AVMs between 1 and 4 cc in volume, 100% of AVMs 4 to 10 cc in volume, and 79% of AVMs greater than 10 cc in volume. The more traditional measure of radiosurgical success, percentage of angiograms showing complete obliteration, was obtained in 81% of AVMs between 1 and 4 cc in volume, 89% of AVMs between 4 and 10 cc in volume, and 69% of AVMs greater than 10 cc in volume. A detailed analysis of the relationship of all outcome categories to size is presented.",1995 Feb,1995,Journal of neurosurgery,82,2,180-9,eng,False,10.3171/jns.1995.82.2.0180,Journal Article,Adolescent;Adult;Aged;Cerebral Hemorrhage/etiology;Female;Follow-Up Studies;Humans;Intracranial Arteriovenous Malformations/pathology/*surgery;Magnetic Resonance Imaging;Male;Middle Aged;*Radiosurgery/adverse effects;Treatment Failure;Treatment Outcome,,True,0.5445676536091373,False
22910397,Vascular complications of stereotactic radiosurgery for arteriovenous malformations.,"OBJECTIVE: Although vasculopathy and de novo aneurysm formation are known complications of traditional radiation therapy, their occurrence following AVM SRS is rare and thus infrequently addressed in the literature. We sought to evaluate these phenomena through a review of our institutional experience. METHODS: Our review afforded 32 patients treated with LINAC-based SRS over an eight year period. We noted obliteration rates, complication rates and long-term outcomes, with particular attention paid to follow-up angiographic studies. RESULTS: After a mean follow-up of 4.3 years, the overall obliteration rate was 50%, increasing to 87% for AVMs less than 3cm. Eight patients had nine hemorrhages following SRS (25%). One occurred in the context of a de novo arterial pseudoaneurysm and another in the context of a new venous varix. Two patients with post-SRS hemorrhage had intranidal aneurysms that were not as apparent on initial angiography. Two patients that did not suffer from latency period hemorrhage developed dysplastic changes of feeding arteries, and one patient suffered from early venous thrombosis with resultant permanent hemiparesis from infarction. After a mean follow-up of 4.3 years, 8 patients were clinically improved (25%), 19 were the same (59%), and 5 were worse (16%), including 2 that died as a result of latency period hemorrhage. CONCLUSION: While radiosurgery of AVMs is safe and successful in the vast majority of cases, vasculopathic complications including de novo aneurysm and varix development, early venous occlusion and stenotic vasculopathy, while infrequent, can occur. Closer long-term angiographic surveillance of these patients may thus be warranted.",2013 Jun,2013,Clinical neurology and neurosurgery,115,6,713-7,eng,False,S0303-8467(12)00433-7;10.1016/j.clineuro.2012.08.008;S0303-8467(12)00433-7;10.1016/j.clineuro.2012.08.008,Journal Article,"Adolescent;Adult;Cerebral Angiography;Cerebrovascular Disorders/*etiology/*therapy;Child;Female;Follow-Up Studies;Humans;Intracranial Arteriovenous Malformations/*surgery;Intracranial Hemorrhages/etiology;Male;Postoperative Complications/*therapy;Radiosurgery/*adverse effects/methods;Tomography, X-Ray Computed;Treatment Outcome;Young Adult",,True,0.5585482314770851,False
18283398,Radiosurgery of brain arteriovenous malformations in children.,"OBJECTIVE: The authors describe their experience in treating 22 children with a single brain arteriovenous malformation (bAVM) using a dedicated LINAC stereotactic radiosurgery unit. METHODS: The findings of 22 consecutive patients < or = 18 years of age who underwent radiosurgery for a single bAVM and with at least 24 months of follow-up, or earlier proven obliteration,were reviewed. The median age at radiosurgery was 13.8 years,with a hemorrhagic presentation in 86%. Median bAVM-volume was 1.8 ml, with a median prescribed marginal dose of 19.0 Gy. RESULTS: The crude complete obliteration-rate was 68% (n = 15) after a median follow-up of 24 months. The actuarial obliteration- rate was 45 % after two years and 64 % after three years. Patients with a radiosurgery-based AVM score < or = 1 more frequently had an excellent outcome than patients with a bAVM score > 1 (71% vs. 20%, P = 0.12), as well as an increased obliteration rate (P = 0.03) One patient died from a bAVM-related hemorrhage 27 months after radiosurgery, representing a postradiosurgery hemorrhage rate of 1.3%/year for the complete followup interval. Overall outcome was good to excellent in 68% (n = 15). Radiation-induced changes on MR imaging were seen in 36% (n = 8) after a median interval of 12.5 months, resulting in deterioration of pre-existing neurological symptoms in one patient. CONCLUSIONS: Radiosurgery is a relatively effective, minimally invasive treatment for small bAVMs in children. The rebleeding rate is low, provided that known predilection places for bleeding had been endovascularly eliminated.Our overall results compare unfavourably to recent pediatric microsurgical series, although comparison between series remains imprecise. Nevertheless, when treatment is indicated in a child with a bAVM that is amenable to both microsurgery or radiosurgery, microsurgery should carefully be advocated over radiosurgery, because of its immediate risk reduction.",2008 Apr,2008,Journal of neurology,255,4,551-60,eng,False,10.1007/s00415-008-0739-4;10.1007/s00415-008-0739-4,Journal Article,Adolescent;Age Factors;Brain/blood supply/physiopathology/surgery;Cerebral Angiography;Cerebral Arteries/*abnormalities/diagnostic imaging/*radiation effects;Cerebral Hemorrhage/etiology/physiopathology/surgery;Child;Cohort Studies;Female;Follow-Up Studies;Humans;Intracranial Arteriovenous Malformations/pathology/physiopathology/*surgery;Male;Postoperative Hemorrhage/mortality;Radiosurgery/adverse effects/*methods/*statistics & numerical data;Retrospective Studies;Treatment Outcome,,True,0.7178091831388548,False
8988506,Clinical evaluation of gamma knife radiosurgery for intracranial arteriovenous malformation.,"PURPOSE: Aim of the study is to compare our treatment results or gamma knife radiosurgery for arteriovenous malformation (AVM) and to obtain factors determining nidus obliteration and/or adverse effect. METHODS: We analyzed 236 patients with AVM treated between June 1990 and February 1994. The patients consisted of 137 men and 99 women, and ranged in age from 4 to 71 years. AVM volume ranged 0.7 to 37.7 ml. Maximum and peripheral doses ranged from 18.2 to 60.0 Gy and 10.0 to 28.0 Gy, respectively. RESULTS: Complete obliteration rates at 1,2, and 3 years were 36.2, 68.9, and 86.6%, respectively. The mean time to complete obliteration was 21.4 months. Univariated analysis revealed that calculated target volume, peripheral dose, peripheral percent dose and treatment optimality were significant factors for complete obliteration. In multivariate analysis, calculated target volume, treatment optimality, and CT-based planning were significant factors. The actuarial risk of post-radiosurgical brain edema at 2 years was 20.0%. In both univariate and multivariate analysis, calculated target volume was the only significant factor. Symptomatic complications developed in 10.0% of patients at 2 years, but no significant factors were identified. Permanent complications and severe neurological deficits were seen in 4.4 and 2.8% of patients, respectively. CONCLUSIONS: Our results were similar to those reported previously. Accurate CT-based planning contributed to an improved obliteration rate.",1996 Sep-Oct,1996,Radiation medicine,14,5,265-8,eng,False,,"Comparative Study;Journal Article;Research Support, Non-U.S. Gov't","Actuarial Analysis;Adolescent;Adult;Aged;Analysis of Variance;Brain Edema/etiology;Child;Child, Preschool;Evaluation Studies as Topic;Female;Follow-Up Studies;Humans;Intracranial Arteriovenous Malformations/diagnostic imaging/pathology/*surgery;Male;Middle Aged;Multivariate Analysis;Neurologic Examination;Patient Care Planning;*Radiosurgery/adverse effects/methods;Radiotherapy Dosage;Remission Induction;Risk Factors;Time Factors;Tomography, X-Ray Computed;Treatment Outcome",,True,0.7261163389758526,False
9055280,Prediction of obliteration after gamma knife surgery for cerebral arteriovenous malformations.,"OBJECTIVE: To define the factors of importance for the obliteration of cerebral arteriovenous malformations (AVMs), thus making a prediction of the probability for obliteration possible. METHODS: In 945 AVMs of a series of 1319 patients treated with the gamma knife during 1970 to 1990, the relationship between patient, AVMs, and treatment parameters on the one hand and the obliteration of the nidus on the other was analyzed. RESULTS: The obliteration rate increased both with increased minimum (lowest periphery) and average dose and decreased with increased AVM volume. The minimum dose to the AVMs was the decisive dose factor for the treatment result. The higher the minimum dose, the higher the chance for total obliteration. The curve illustrating this relation increased logarithmically to a value of 87%. A higher average dose shortened the latency to AVM obliteration. For the obliterated cases, the larger the malformation, the lower the minimum dose used. This prompted us to relate the obliteration rate to the product minimum dose (AVM volume)1/3 (K index). The obliteration rate increased linearly with the K index up to a value of approximately 27, and for higher K values, the obliteration rate had a constant value of approximately 80%. For the group of 273 cases treated with a minimum dose of at least 25 Gy, the obliteration rate at the study end point (defined as 2-yr latency) was 80% (95% confidence interval = 75-85%). If obliterations that occurred beyond the end point are included, the obliteration rate increased to 85% (81-89%). CONCLUSION: The probability of obliteration of AVMs after gamma knife surgery is related both to the lowest dose to the AVMs and the AVM volume, and it can be predicted using the K index.",1997 Mar,1997,Neurosurgery,40,3,425-30; discussion 430-1,eng,False,10.1097/00006123-199703000-00001,Comparative Study;Journal Article,"Adolescent;Angiography, Digital Subtraction;Cerebral Angiography;Child;Child, Preschool;Female;Follow-Up Studies;Humans;Intracranial Arteriovenous Malformations/*diagnostic imaging;Male;Postoperative Complications/diagnostic imaging;Radiosurgery/*methods;Treatment Outcome",,True,0.5768061004023571,False
34333653,Effect of Prior Embolization on Outcomes After Stereotactic Radiosurgery for Pediatric Brain Arteriovenous Malformations: An International Multicenter Study.,"BACKGROUND: Pediatric brain arteriovenous malformations (AVMs) are a significant cause of morbidity but the role of multimodal therapy in the treatment of these lesions is not well understood. OBJECTIVE: To compare the outcomes of stereotactic radiosurgery (SRS) with and without prior embolization for pediatric AVMs. METHODS: We retrospectively evaluated the International Radiosurgery Research Foundation pediatric AVM database. AVMs were categorized, based on use of pre-embolization (E + SRS) or lack thereof (SRS-only). Outcomes were compared in unadjusted and inverse probability weight (IPW)-adjusted models. Favorable outcome was defined as obliteration without post-SRS hemorrhage or permanent radiation-induced changes (RIC). RESULTS: The E + SRS and SRS-only cohorts comprised 91 and 448 patients, respectively. In unadjusted models, the SRS-only cohort had higher rates of obliteration (68.5% vs 43.3%,  < .001) and favorable outcome (61.2% vs 36.3%, P < .001) but a lower rate of symptomatic RIC (9.0% vs 16.7%, P = .031). The IPW-adjusted rates of every outcome were similar between the 2 cohorts. However, cumulative obliteration rates at 3, 5, 8, and 10 yr remained higher in the absence of prior embolization (46.3%, 64.6%, 72.6%, and 77.4% for SRS-only vs 24.4%, 37.2%, 44.1%, and 48.7% for E + SRS cohorts, respectively; SHR = 0.449 [0.238-0.846], P = .013). CONCLUSION: Embolization appears to decrease cumulative obliteration rates after SRS for pediatric AVMs without affecting the risk of post-treatment hemorrhage or adverse radiation effects arguing against the routine use of pre-SRS embolization. While endovascular therapy can be considered for occlusion of high-risk angioarchitectural features prior to SRS, future studies are necessary to clarify its role.",2021 Sep 15,2021,Neurosurgery,89,4,672-679,eng,False,10.1093/neuros/nyab245;6333248;10.1093/neuros/nyab245,Journal Article;Multicenter Study,Brain;Child;Follow-Up Studies;Humans;*Intracranial Arteriovenous Malformations/surgery;*Radiosurgery/adverse effects;Retrospective Studies;Treatment Outcome,Arteriovenous malformation;Intracranial hemorrhage;Obliteration;Pediatric;Radiosurgery;Vascular malformation,True,0.8004434974281138,False
24564082,Radiosurgical irradiation of patients with cerebral AVM on the Gamma knife.,"Arterio-venous malformation (AVM) of the brain are congenital malformations of cerebral vessels in the embryonic period. Standards in AVM treatment is currently applying the endovascular technique, microneurosurgical removal and stereotactic radiation. MATERIALS AND METHODS: In the period from 2005 to 2011, in 139 patients with arteriovenous malformations of the brain were treated using ""Gamma Knife"". 89 (64%) of 139 patients suffered bleeding in anamnesis. Paroxysmal symptoms of varying severity dominated in the clinical picture of 35 (27%) patients. Previous microsurgical resection was performed in 10 patients. 28 patients experienced a partial embolization of vascular malformations before radiosurgery. A boundary value radiation dose ranged from 18 to 28 Gy (mean dose 20 Gy), day dose was in the range of 40-80% (average 50% isodose). Maximum dose ranged between 18-60 Gy (mean dose of 38 Gy.). RESULTS: Control angiography or spiral CT screening angiography was performed in all 85 patients who were treated with follow-up data for more than two years, showed that total obliteration occurred in 75% of cases. Frequency of symptomatic radiation reactions was less than 5%. After two years or more after treatment, complete obliteration was observed in 74% of patients. CONCLUSIONS: Higher frequency of AVM obliteration was seen with up to 2 cc. and the irradiation dose of at least 24 Gy.",2013,2013,Zhurnal voprosy neirokhirurgii imeni N. N. Burdenko,77,5,16-29; discussion 29,rus,True,,Journal Article,"Adolescent;Adult;Aged;Blood Loss, Surgical/*prevention & control;Cerebral Angiography;Child;Dose-Response Relationship, Radiation;Female;Humans;Intracranial Arteriovenous Malformations/diagnostic imaging/*surgery;Male;Middle Aged;*Radiosurgery;Retrospective Studies;Tomography, X-Ray Computed",,False,0.3677079126152176,False
31043153,Risk of Brain Arteriovenous Malformation Hemorrhage Before and After Stereotactic Radiosurgery.,"Background and Purpose- Understanding the hemorrhage risks associated with brain arteriovenous malformations (AVMs) before and after stereotactic radiosurgery (SRS) is important. The aims of this multicenter, retrospective cohort study are to evaluate and compare the rates of pre- and post-SRS AVM hemorrhage and identify risk factors. Methods- We pooled AVM SRS data from 8 institutions participating in the International Radiosurgery Research Foundation. Predictors of post-SRS hemorrhage were determined using a multivariate logistic regression model. Pre- and post-SRS hemorrhage rates were compared using Fisher exact test. Ruptured and unruptured AVMs were matched in a 1:1 ratio using propensity scores, and their outcomes were compared. Results- The study cohort comprised 2320 AVM patients who underwent SRS. Deep AVM location (odds ratio, 1.86; 95% CI, 1.19-2.92; P=0.007), the presence of an AVM-associated arterial aneurysm (odds ratio, 2.44; 95% CI, 1.63-3.66; P<0.001), and lower SRS margin dose (odds ratio, 0.93; 95% CI, 0.88-0.98; P=0.005) were independent predictors of post-SRS hemorrhage. The post-SRS hemorrhage rate was lower for obliterated versus patent AVMs (6.0 versus 22.3 hemorrhages/1000 person-years; P<0.001). The AVM hemorrhage rate decreased from 15.4 hemorrhages/1000 person-years before SRS to 11.9 after SRS ( P=0.001). The outcomes of the matched ruptured versus unruptured AVM cohorts were similar. Conclusions- SRS appears to reduce the risk of AVM hemorrhage, although this effect is predominantly driven by obliteration. Deep-seated AVMs are more likely to rupture during the latency period after SRS. AVM-associated aneurysms should be considered for selective occlusion before SRS of the nidus to ameliorate the post-SRS hemorrhage rate of these lesions.",2019 Jun,2019,Stroke,50,6,1384-1391,eng,False,10.1161/STROKEAHA.118.024230;10.1161/STROKEAHA.118.024230,Journal Article;Multicenter Study,Adolescent;Adult;Cerebral Hemorrhage/*epidemiology/*etiology;Child;Female;Follow-Up Studies;Humans;Intracranial Arteriovenous Malformations/*epidemiology/*radiotherapy;Male;Middle Aged;Predictive Value of Tests;Radiosurgery/*adverse effects;Retrospective Studies;Risk Factors,cerebral arteries;intracranial hemorrhages;radiosurgery;risk factors;vascular malformations,True,0.7044441266376336,False
17121129,Radiosurgical treatment for rolandic arteriovenous malformations.,"OBJECT: The authors reviewed the radiosurgical outcomes in patients with arteriovenous malformations (AVMs) located in the rolandic area, including the primary motor and sensory gyri. METHODS: The study population consisted of 38 patients with rolandic-area AVMs who underwent linear accelerator radiosurgery at the University of Toronto between 1989 and 2000. Obliteration rate, risk of hemorrhage during the latency period, radiation-induced complications, seizure control, and functional status were evaluated. Patients were also divided into two subgroups according to AVM volume (< 3 cm3 and > or = 3 cm3). Patients were followed up for a median of 42.4 months (range 30-103 months), and the median age of the patients was 40 years (range 12-67 years). The median AVM volume was 8.1 cm3 (range 0.32-21, mean 8.32 cm3), and the median dose at the tumor margin was 15 Gy (range 15-22, mean 16.8 Gy). The risk of hemorrhage after radiosurgery was 5.3% for the 1st year, 2.6% for the 2nd, and 0% for the 3rd. Two patients (5.3%) sustained adverse effects related to radiation for more than 6 months. Complete nidus obliteration after a single radiosurgical treatment was achieved in 23 patients (60.5%). The obliteration rate for AVMs smaller than 3 cm3 was 83.3% (10 of 12) and that for AVMs larger than or equal to 3 cm3 was 50% (13 of 26). Among the patients who had seizures as the initial presentation, 51.8% were free of seizures after radiosurgery and the seizure pattern improved in 40.7% during the 3rd and last year of follow up. Overall, excellent results (obliteration and no new or worsening neurological deficit) can be achieved in approximately 60% of patients. This percentage varies according to the AVM size and can reach 83% in patients with AVMs smaller than 3 cm3. CONCLUSIONS: Radiosurgery is a safe and effective treatment for people with rolandic AVMs. The low rate of morbidity associated with radiosurgery, compared with other treatments, indicates that this method may be the first choice for patients with AVMs located in this area.",2006 Nov,2006,Journal of neurosurgery,105,5,689-97,eng,False,10.3171/jns.2006.105.5.689,Journal Article,Adolescent;Adult;Aged;Child;Female;Follow-Up Studies;Humans;Intracranial Arteriovenous Malformations/diagnosis/mortality/*surgery;Male;Middle Aged;*Motor Cortex;*Radiosurgery/adverse effects;Recovery of Function;Retrospective Studies;Treatment Outcome,,True,0.8017112943490896,False
32185086,Stereotactic radiosurgery for thalamus arteriovenous malformations.,"BACKGROUND: Cerebral arteriovenous malformations or angiomas are congenital vascular anomalies defined by abnormal arteriovenous shunt. MATERIALS AND METHODS: We conducted a retrospective study between January 1992 and December 2010 at the Timone Hospital radiosurgery unit, 1557 patients were treated by radiosurgery for arteriovenous malformation of which 53 for thalamic localization (3,4%). RESULTS: The mean age was 35.8-/+16.6 years (4-75). 14 patients underwent pre-radiosurgical embolization (26.4%), discovery mode for 47 patients (88.7%) was haemorrhage. The average treatment volume was 1.43 cm(3). The average RBAS score was 1.36. The average prescription to the 50% isodose envelope delivered was 22.9 +/-2.9 Gy (12-30), the median margin dose was 24 Gy. Our global obliteration rate after one or two procedures 66.7% for an average follow-up period of 56.7 months. We noted 3.9% of mortality, 5.9% of bleeding after procedure and 3.9% of radio-induced neurological deficit. CONCLUSION: Radiosurgery became indispensable in the treatment of thalamic AVM even when there is a persistent risk of haemorrhage until total recovery.",2020,2020,Journal of radiosurgery and SBRT,6,4,269-275,eng,False,RSBRT-6-275,Journal Article,,arteriovenous malformations;radiosurgery;thalamus,True,0.656727275743205,False
34982875,Effects of Preoperative Embolization on Spetzler-Martin Grade I and II Arteriovenous Malformations: A Propensity-Adjusted Analysis.,"BACKGROUND: Cerebral arteriovenous malformations (AVMs) with low Spetzler-Martin grades (I and II) are associated with good neurological outcomes after microsurgical resection; however, the use of preoperative embolization for these lesions is controversial. OBJECTIVE: To compare the neurological outcomes of preoperative embolization with no embolization in patients with low-grade AVMs. METHODS: Patients with a Spetzler-Martin grade I or II AVM who underwent microsurgical resection during January 1, 1997, through December 31, 2019, were analyzed. Patients undergoing preoperative embolization were compared with patients not undergoing embolization. A propensity score was constructed from baseline characteristics and used to match intervention (embolization) and control (nonembolization) groups in a 1:1 ratio. The primary outcome was poor neurological status on last follow-up examination, defined as a modified Rankin Scale score >2 and a modified Rankin Scale score worse at follow-up than at the preoperative examination. RESULTS: Of the 603 patients analyzed, 310 (51.4%) underwent preoperative embolization and 293 (48.6%) did not. Patients in the embolization cohort compared with those in the nonembolization cohort had a higher percentage of Spetzler-Martin grade II AVMs (71.6% vs 52.6%, P < .001) and a lower percentage of hemorrhage (41% vs 55%, P = .001). After propensity score matching, no differences were found between paired cohorts (each N = 203) for baseline characteristics with a significant reduction in absolute standardized mean differences. No significant differences were found in primary outcomes between treatment groups in the matched or unmatched cohorts. CONCLUSION: Preoperative embolization of low-grade Spetzler-Martin AVMs is not associated with improved neurological outcomes after microsurgical resection.",2022 Jan 1,2022,Neurosurgery,90,1,92-98,eng,False,10.1227/NEU.0000000000001741;00006123-202201000-00010;10.1227/NEU.0000000000001741,Journal Article,"Cohort Studies;*Embolization, Therapeutic;Humans;*Intracranial Arteriovenous Malformations/surgery;Propensity Score;*Radiosurgery;Retrospective Studies;Treatment Outcome",,True,0.6128336750710944,False
8679332,[Gamma knife treatment of AVM of the basal ganglia and thalamus].,"Arteriovenous malformatios (AVMs) in the basal ganglia (BG) and thalamus (Thal) are difficult to treat by microsurgery or intravascular embolization alone, and the role of stereotactic gamma radiosurgery (gamma knife) of these AVMs is discussed. We have treated 324 cases of AVM with gamma knife since May 1991, and in 71 of these cases (19%) the AVM was in the BG or Thal. The results of gamma radiosurgery on AVMs of the BG and Thal were compared with the results of treating AVMs at other intracranial locations by gamma radiosurgery. The nidi were small (mean diameter: 16.4 mm), and they were treated with a mean maximum dose of 36.4 Gy and marginal dose of 19.9 Gy. The results were evaluated angiographically in 39 (55%) of the 71 cases, with a mean follow-up period of 23 months. The complete obliteration rate of AVMs in the BG and Thal 1 and 2 years after treatment was 54.3% and 92.0%, respectively, and the rate at the other locations was 42.9% and 76.0%, respectively. Adverse effects of this treatment in the AVM cases overall were rebleeding from the nidus in 5 cases (1.5%) and radiation necrosis in 4 cases (1.2%). In conclusion, AVMs of the BG and Thal were effectively and safely treated with the gamma knife, and stereotactic radiosurgery is a definitive alternative treatment for deep seated AVMs.",1996 Apr,1996,No to shinkei = Brain and nerve,48,4,351-6,jpn,False,,Case Reports;Comparative Study;English Abstract;Journal Article,Adolescent;Adult;Basal Ganglia/*blood supply;Female;Follow-Up Studies;Humans;Intracranial Arteriovenous Malformations/*surgery;Male;*Radiosurgery;Thalamus/*blood supply,,True,0.5819366225197972,False
18503332,Long-term results of Gamma Knife surgery for arteriovenous malformations: 10- to 15-year follow up in patients treated with lower doses.,"OBJECT: Several adverse effects such as brain edema, necrosis, arterial stenosis, hemorrhage after obliteration, and delayed cyst formation have been reported as early and late complications of Gamma Knife surgery (GKS) for arteriovenous malformations (AVMs). These adverse effects seem to be decreased in a lower-dose treatment regimen compared with the classic higher margin doses of 25 Gy because the radiation insult to the surrounding tissue is minimized. Long-term results of lower-dose GKS for AVMs are presented. METHODS: One hundred fourteen patients with AVMs were treated with lower-dose GKS (< or = 20-Gy margin dose). There were 68 male and 46 female patients, aged 10 to 68 years (mean 35.4 years). The evaluation of AVM nidi and dose planning were performed using both angiography and MR imaging in all cases to exclude the surrounding brain tissue. The mean margin dose was 19.5 Gy. Total angiographically documented obliteration was achieved in 65 (85.5%) of 76 patients. Eleven patients underwent a second treatment, including staged treatment for large AVMs; total AVM obliteration has been achieved in six of them to date. Of 38 patients in whom no follow-up examination could be performed, 19 of them were healthy and 10 were lost from follow up. Nine patients experienced bleeding during the latency period, and four of them suffered lethal hemorrhage. Symptomatic early complications were extensive brain edema after repeated GKS in one patient and an adverse effect on the internal capsule in one. Delayed cyst formation was found in one patient as a late complication 10 years after treatment. No treatment-related death has been noted to date. CONCLUSIONS: Lower-dose GKS is an effective and safe treatment for patients with AVMs and may decrease long-term adverse effects to the surrounding brain.",2006 Dec,2006,Journal of neurosurgery,105 Suppl,,64-8,eng,False,10.3171/sup.2006.105.7.64,Journal Article,"Adolescent;Adult;Aged;Child;Disease-Free Survival;Female;Follow-Up Studies;Humans;Imaging, Three-Dimensional;Intracranial Arteriovenous Malformations/complications/diagnosis/*surgery;Magnetic Resonance Imaging;Male;Middle Aged;*Radiosurgery;Radiotherapy Dosage;Time Factors;Young Adult",,True,0.5407856090391454,False
24160482,Stereotactic radiosurgery for arteriovenous malformations of the cerebellum.,"OBJECT: Arteriovenous malformations (AVMs) of the posterior fossa have an aggressive natural history and propensity for hemorrhage. Although the cerebellum accounts for the majority of the posterior fossa volume, there is a paucity of stereotactic radiosurgery (SRS) outcome data for AVMs of this region. The authors sought to evaluate the long-term outcomes and risks of cerebellar AVM radiosurgery. METHODS: This single-institution retrospective analysis reviewed the authors' experience with Gamma Knife surgery during the period 1987-2007. During this time 64 patients (median age 47 years, range 8-75 years) underwent SRS for a cerebellar AVM. Forty-seven patients (73%) presented with an intracranial hemorrhage. The median target volume was 3.85 cm(3) (range 0.2-12.5 cm(3)), and the median marginal dose was 21 Gy (range 15-25 Gy). RESULTS: Arteriovenous malformation obliteration was confirmed by MRI or angiography in 40 patients at a median follow-up of 73 months (range 4-255 months). The actuarial rates of total obliteration were 53% at 3 years, 69% at 4 years, and 76% at 5 and 10 years. Elevated obliteration rates were statistically higher in patients who underwent AVM SRS without prior embolization (p = 0.005). A smaller AVM volume was also associated with a higher rate of obliteration (p = 0.03). Four patients (6%) sustained a hemorrhage during the latency period and 3 died. The cumulative rates of AVM hemorrhage after SRS were 6% at 1, 5, and 10 years. This correlated with an overall annual hemorrhage rate of 2.0% during the latency interval. One patient experienced a hemorrhage 9 years after confirmed MRI and angiographic obliteration. A permanent neurological deficit due to adverse radiation effects developed in 1 patient (1.6%) and temporary complications were seen in 2 additional patients (3.1%). CONCLUSIONS: Stereotactic radiosurgery proved to be most effective for patients with smaller and previously nonembolized cerebellar malformations. Hemorrhage during the latency period occurred at a rate of 2.0% per year until obliteration occurred.",2014 Mar,2014,Journal of neurosurgery,120,3,583-90,eng,False,10.3171/2013.9.JNS131022;10.3171/2013.9.JNS131022,Journal Article,"Adolescent;Adult;Aged;Cerebellum/blood supply/*surgery;Child;Embolization, Therapeutic;Female;Follow-Up Studies;Humans;Intracranial Arteriovenous Malformations/*complications/mortality/*surgery;Intracranial Hemorrhages/*etiology/mortality;Kaplan-Meier Estimate;Male;Middle Aged;Radiosurgery/*adverse effects/*methods;Retrospective Studies;Risk Factors;Young Adult",,True,0.8735080892025996,False
